dataset,algorithm,clients,capacity,routes_used,total_length,valid,time_ms
A-n32-k5,cw,31,100,5,843.688,YES,0.043042
A-n32-k5,cw2opt,31,100,5,830.673,YES,0.02975
A-n32-k5,hybrid,31,100,5,828.7,YES,0.48025
A-n32-k5,nn,31,100,5,1146.4,YES,0.010875
A-n32-k5,sa,31,100,5,830.673,YES,0.543125
A-n32-k5,ts,31,100,5,828.702,YES,0.861083
A-n33-k5,cw,32,100,5,693.74,YES,0.027709
A-n33-k5,cw2opt,32,100,5,691.339,YES,0.027167
A-n33-k5,hybrid,32,100,5,676.104,YES,0.421125
A-n33-k5,nn,32,100,5,978.146,YES,0.005458
A-n33-k5,sa,32,100,5,691.339,YES,0.410416
A-n33-k5,ts,32,100,5,676.104,YES,0.731833
A-n33-k6,cw,32,100,7,776.256,YES,0.027042
A-n33-k6,cw2opt,32,100,7,776.018,YES,0.035667
A-n33-k6,hybrid,32,100,7,776.018,YES,0.414417
A-n33-k6,nn,32,100,6,1043.27,YES,0.005917
A-n33-k6,sa,32,100,7,776.018,YES,0.396834
A-n33-k6,ts,32,100,6,777.003,YES,0.686458
A-n34-k5,cw,33,100,5,807.313,YES,0.03675
A-n34-k5,cw2opt,33,100,5,792.724,YES,0.030792
A-n34-k5,hybrid,33,100,5,792.724,YES,0.414291
A-n34-k5,nn,33,100,5,946.799,YES,0.00525
A-n34-k5,sa,33,100,5,792.724,YES,0.387584
A-n34-k5,ts,33,100,5,792.724,YES,0.682875
A-n36-k5,cw,35,100,5,830.892,YES,0.035959
A-n36-k5,cw2opt,35,100,5,828.472,YES,0.03675
A-n36-k5,hybrid,35,100,5,828.472,YES,0.457334
A-n36-k5,nn,35,100,5,1103.5,YES,0.005958
A-n36-k5,sa,35,100,5,828.472,YES,0.435667
A-n36-k5,ts,35,100,5,806.783,YES,0.652209
A-n37-k5,cw,36,100,5,705.168,YES,0.038542
A-n37-k5,cw2opt,36,100,5,705.168,YES,0.036209
A-n37-k5,hybrid,36,100,5,682.333,YES,0.501166
A-n37-k5,nn,36,100,5,948.545,YES,0.006083
A-n37-k5,sa,36,100,5,705.168,YES,0.42825
A-n37-k5,ts,36,100,5,682.333,YES,0.743625
A-n37-k6,cw,36,100,6,979.654,YES,0.038167
A-n37-k6,cw2opt,36,100,6,979.654,YES,0.036334
A-n37-k6,hybrid,36,100,6,973.752,YES,0.428334
A-n37-k6,nn,36,100,6,1341.88,YES,0.007166
A-n37-k6,sa,36,100,6,979.654,YES,0.451417
A-n37-k6,ts,36,100,6,973.752,YES,0.624042
A-n38-k5,cw,37,100,6,794.666,YES,0.03675
A-n38-k5,cw2opt,37,100,6,766.225,YES,0.037667
A-n38-k5,hybrid,37,100,6,765.865,YES,0.4455
A-n38-k5,nn,37,100,5,1084.61,YES,0.007417
A-n38-k5,sa,37,100,6,766.225,YES,0.406542
A-n38-k5,ts,37,100,6,766.225,YES,0.981625
A-n39-k5,cw,38,100,5,901.99,YES,0.03775
A-n39-k5,cw2opt,38,100,5,901.99,YES,0.039084
A-n39-k5,hybrid,38,100,5,881.229,YES,0.452458
A-n39-k5,nn,38,100,5,1032.57,YES,0.006792
A-n39-k5,sa,38,100,5,901.99,YES,0.42925
A-n39-k5,ts,38,100,5,882.011,YES,0.710917
A-n39-k6,cw,38,100,6,882.584,YES,0.035334
A-n39-k6,cw2opt,38,100,6,878.404,YES,0.039084
A-n39-k6,hybrid,38,100,6,856.929,YES,0.504459
A-n39-k6,nn,38,100,6,1212.89,YES,0.007667
A-n39-k6,sa,38,100,6,874.669,YES,0.435416
A-n39-k6,ts,38,100,6,863.066,YES,0.8505
A-n44-k6,cw,43,100,6,1020.88,YES,0.046167
A-n44-k6,cw2opt,43,100,6,1020.18,YES,0.047708
A-n44-k6,hybrid,43,100,6,1018.77,YES,0.46375
A-n44-k6,nn,43,100,6,1328.69,YES,0.008542
A-n44-k6,sa,43,100,6,1020.18,YES,0.45025
A-n44-k6,ts,43,100,6,974.743,YES,0.99725
A-n45-k6,cw,44,100,7,1012.92,YES,0.050458
A-n45-k6,cw2opt,44,100,7,1002.64,YES,0.048167
A-n45-k6,hybrid,44,100,7,971.994,YES,0.574625
A-n45-k6,nn,44,100,7,1485.3,YES,0.008333
A-n45-k6,sa,44,100,7,1002.64,YES,0.526375
A-n45-k6,ts,44,100,7,986.474,YES,1.09775
A-n45-k7,cw,44,100,7,1199.98,YES,0.049334
A-n45-k7,cw2opt,44,100,7,1198.12,YES,0.048209
A-n45-k7,hybrid,44,100,7,1190.99,YES,0.519708
A-n45-k7,nn,44,100,7,1404.05,YES,0.008875
A-n45-k7,sa,44,100,7,1198.12,YES,0.49925
A-n45-k7,ts,44,100,7,1190.99,YES,1.24871
A-n46-k7,cw,45,100,7,939.744,YES,0.054458
A-n46-k7,cw2opt,45,100,7,939.543,YES,0.052917
A-n46-k7,hybrid,45,100,7,923.955,YES,0.545834
A-n46-k7,nn,45,100,7,1335.79,YES,0.008459
A-n46-k7,sa,45,100,7,932.235,YES,0.54125
A-n46-k7,ts,45,100,7,926.214,YES,0.940333
A-n48-k7,cw,47,100,7,1114.86,YES,0.060458
A-n48-k7,cw2opt,47,100,7,1103.18,YES,0.056625
A-n48-k7,hybrid,47,100,7,1103.18,YES,0.509208
A-n48-k7,nn,47,100,7,1476.57,YES,0.009291
A-n48-k7,sa,47,100,7,1103.18,YES,0.487625
A-n48-k7,ts,47,100,7,1098.87,YES,1.17829
A-n53-k7,cw,52,100,8,1092.88,YES,0.068625
A-n53-k7,cw2opt,52,100,8,1088.14,YES,0.06775
A-n53-k7,hybrid,52,100,8,1087.39,YES,0.614
A-n53-k7,nn,52,100,7,1449.54,YES,0.010459
A-n53-k7,sa,52,100,8,1088.14,YES,0.573167
A-n53-k7,ts,52,100,8,1074.35,YES,1.72575
A-n54-k7,cw,53,100,7,1201.62,YES,0.067959
A-n54-k7,cw2opt,53,100,7,1186.71,YES,0.072084
A-n54-k7,hybrid,53,100,7,1185.61,YES,0.613834
A-n54-k7,nn,53,100,7,1433.64,YES,0.013375
A-n54-k7,sa,53,100,7,1186.71,YES,0.487542
A-n54-k7,ts,53,100,7,1185.61,YES,1.50454
A-n55-k9,cw,54,100,9,1110.57,YES,0.073583
A-n55-k9,cw2opt,54,100,9,1107.49,YES,0.074334
A-n55-k9,hybrid,54,100,9,1107.49,YES,0.589959
A-n55-k9,nn,54,100,9,1499.31,YES,0.011125
A-n55-k9,sa,54,100,9,1107.49,YES,0.60425
A-n55-k9,ts,54,100,9,1093.36,YES,2.14438
A-n60-k9,cw,59,100,9,1377.28,YES,0.090042
A-n60-k9,cw2opt,59,100,9,1368.31,YES,0.089083
A-n60-k9,hybrid,59,100,9,1366.87,YES,0.682875
A-n60-k9,nn,59,100,9,1969.98,YES,0.015834
A-n60-k9,sa,59,100,9,1368.31,YES,0.60725
A-n60-k9,ts,59,100,9,1367.63,YES,2.2465
A-n61-k9,cw,60,100,10,1103.09,YES,0.091375
A-n61-k9,cw2opt,60,100,10,1091.57,YES,0.112875
A-n61-k9,hybrid,60,100,10,1091.57,YES,0.703583
A-n61-k9,nn,60,100,9,1421.16,YES,0.01325
A-n61-k9,sa,60,100,10,1091.57,YES,0.667625
A-n61-k9,ts,60,100,10,1091.57,YES,2.05042
A-n62-k8,cw,61,100,8,1352.81,YES,0.094
A-n62-k8,cw2opt,61,100,8,1348.53,YES,0.088708
A-n62-k8,hybrid,61,100,8,1347.71,YES,0.623333
A-n62-k8,nn,61,100,8,1816.58,YES,0.012834
A-n62-k8,sa,61,100,8,1348.53,YES,0.605
A-n62-k8,ts,61,100,8,1347.71,YES,1.75633
A-n63-k10,cw,62,100,10,1358.9,YES,0.104916
A-n63-k10,cw2opt,62,100,10,1344.77,YES,0.105916
A-n63-k10,hybrid,62,100,10,1341.77,YES,0.7695
A-n63-k10,nn,62,100,10,1933.26,YES,0.014
A-n63-k10,sa,62,100,10,1344.77,YES,0.620583
A-n63-k10,ts,62,100,10,1342.79,YES,2.40021
A-n63-k9,cw,62,100,10,1690.82,YES,0.098
A-n63-k9,cw2opt,62,100,10,1685.7,YES,0.095875
A-n63-k9,hybrid,62,100,10,1664.49,YES,0.702333
A-n63-k9,nn,62,100,9,2248.57,YES,0.0135
A-n63-k9,sa,62,100,10,1685.7,YES,0.654625
A-n63-k9,ts,62,100,9,1647.82,YES,1.64796
A-n64-k9,cw,63,100,9,1482.05,YES,0.100667
A-n64-k9,cw2opt,63,100,9,1480.59,YES,0.102708
A-n64-k9,hybrid,63,100,9,1479.67,YES,0.704
A-n64-k9,nn,63,100,9,1962.22,YES,0.01375
A-n64-k9,sa,63,100,9,1480.59,YES,0.622708
A-n64-k9,ts,63,100,9,1473.72,YES,2.62783
A-n65-k9,cw,64,100,10,1243.39,YES,0.1055
A-n65-k9,cw2opt,64,100,10,1239.36,YES,0.106125
A-n65-k9,hybrid,64,100,10,1234.92,YES,0.750375
A-n65-k9,nn,64,100,9,1802.41,YES,0.013875
A-n65-k9,sa,64,100,10,1239.36,YES,0.648709
A-n65-k9,ts,64,100,10,1234.59,YES,2.29233
A-n69-k9,cw,68,100,9,1209.41,YES,0.120542
A-n69-k9,cw2opt,68,100,9,1197.34,YES,0.122125
A-n69-k9,hybrid,68,100,9,1182.83,YES,0.778292
A-n69-k9,nn,68,100,9,1576.88,YES,0.014459
A-n69-k9,sa,68,100,9,1197.34,YES,0.649292
A-n69-k9,ts,68,100,9,1182.83,YES,2.82217
A-n80-k10,cw,79,100,10,1836.84,YES,0.153666
A-n80-k10,cw2opt,79,100,10,1828.87,YES,0.166
A-n80-k10,hybrid,79,100,10,1820.87,YES,0.798875
A-n80-k10,nn,79,100,10,2255.46,YES,0.018625
A-n80-k10,sa,79,100,10,1828.87,YES,0.724709
A-n80-k10,ts,79,100,10,1818.99,YES,2.60758
C101,cw,100,200,10,838.867,YES,0.23725
C101,cw2opt,100,200,10,826.072,YES,0.2435
C101,hybrid,100,200,10,821.11,YES,1.04854
C101,nn,100,200,10,1311.5,YES,0.019958
C101,sa,100,200,10,826.072,YES,0.872083
C101,ts,100,200,10,821.999,YES,7.02067
C102,cw,100,200,10,838.867,YES,0.234834
C102,cw2opt,100,200,10,826.072,YES,0.247375
C102,hybrid,100,200,10,821.11,YES,1.04779
C102,nn,100,200,10,1311.5,YES,0.020042
C102,sa,100,200,10,826.072,YES,0.898917
C102,ts,100,200,10,821.999,YES,6.82192
C103,cw,100,200,10,838.867,YES,0.245917
C103,cw2opt,100,200,10,826.072,YES,0.242792
C103,hybrid,100,200,10,821.11,YES,0.993042
C103,nn,100,200,10,1311.5,YES,0.019166
C103,sa,100,200,10,826.072,YES,0.915917
C103,ts,100,200,10,821.999,YES,6.75875
C104,cw,100,200,10,838.867,YES,0.232
C104,cw2opt,100,200,10,826.072,YES,0.243667
C104,hybrid,100,200,10,821.11,YES,1.05196
C104,nn,100,200,10,1311.5,YES,0.019958
C104,sa,100,200,10,826.072,YES,0.920667
C104,ts,100,200,10,821.999,YES,6.68871
C105,cw,100,200,10,838.867,YES,0.228917
C105,cw2opt,100,200,10,826.072,YES,0.243
C105,hybrid,100,200,10,821.11,YES,1.01925
C105,nn,100,200,10,1311.5,YES,0.018958
C105,sa,100,200,10,826.072,YES,0.913
C105,ts,100,200,10,821.999,YES,6.88042
C106,cw,100,200,10,838.867,YES,0.242084
C106,cw2opt,100,200,10,826.072,YES,0.249666
C106,hybrid,100,200,10,821.11,YES,1.04221
C106,nn,100,200,10,1311.5,YES,0.019417
C106,sa,100,200,10,826.072,YES,0.865708
C106,ts,100,200,10,821.999,YES,6.5785
C107,cw,100,200,10,838.867,YES,0.23575
C107,cw2opt,100,200,10,826.072,YES,0.2255
C107,hybrid,100,200,10,821.11,YES,0.983083
C107,nn,100,200,10,1311.5,YES,0.019
C107,sa,100,200,10,826.072,YES,0.946041
C107,ts,100,200,10,821.999,YES,6.80304
C108,cw,100,200,10,838.867,YES,0.221917
C108,cw2opt,100,200,10,826.072,YES,0.222541
C108,hybrid,100,200,10,821.11,YES,1.03854
C108,nn,100,200,10,1311.5,YES,0.020542
C108,sa,100,200,10,826.072,YES,0.910083
C108,ts,100,200,10,821.999,YES,6.54208
C109,cw,100,200,10,838.867,YES,0.236959
C109,cw2opt,100,200,10,826.072,YES,0.237708
C109,hybrid,100,200,10,821.11,YES,0.989417
C109,nn,100,200,10,1311.5,YES,0.020208
C109,sa,100,200,10,826.072,YES,0.8965
C109,ts,100,200,10,821.999,YES,6.69987
C201,cw,100,700,3,632.432,YES,0.252708
C201,cw2opt,100,700,3,594,YES,0.254
C201,hybrid,100,700,3,584.235,YES,1.49479
C201,nn,100,700,3,775.487,YES,0.016541
C201,sa,100,700,3,588.381,YES,1.29888
C201,ts,100,700,3,592.83,YES,6.02442
C202,cw,100,700,3,632.432,YES,0.241542
C202,cw2opt,100,700,3,594,YES,0.2515
C202,hybrid,100,700,3,584.235,YES,1.43237
C202,nn,100,700,3,775.487,YES,0.016292
C202,sa,100,700,3,588.381,YES,1.2715
C202,ts,100,700,3,592.83,YES,5.70154
C203,cw,100,700,3,632.432,YES,0.256375
C203,cw2opt,100,700,3,594,YES,0.245792
C203,hybrid,100,700,3,584.235,YES,1.40733
C203,nn,100,700,3,775.487,YES,0.016542
C203,sa,100,700,3,588.381,YES,1.35238
C203,ts,100,700,3,592.83,YES,6.12937
C204,cw,100,700,3,632.432,YES,0.244208
C204,cw2opt,100,700,3,594,YES,0.243292
C204,hybrid,100,700,3,584.235,YES,1.47854
C204,nn,100,700,3,775.487,YES,0.017584
C204,sa,100,700,3,588.381,YES,1.24775
C204,ts,100,700,3,592.83,YES,5.73133
C205,cw,100,700,3,632.432,YES,0.235334
C205,cw2opt,100,700,3,594,YES,0.261667
C205,hybrid,100,700,3,584.235,YES,1.44167
C205,nn,100,700,3,775.487,YES,0.017
C205,sa,100,700,3,588.381,YES,1.28788
C205,ts,100,700,3,592.83,YES,5.8355
C206,cw,100,700,3,632.432,YES,0.253084
C206,cw2opt,100,700,3,594,YES,0.265667
C206,hybrid,100,700,3,584.235,YES,1.40396
C206,nn,100,700,3,775.487,YES,0.016292
C206,sa,100,700,3,588.381,YES,1.27921
C206,ts,100,700,3,592.83,YES,6.01783
C207,cw,100,700,3,632.432,YES,0.251542
C207,cw2opt,100,700,3,594,YES,0.244625
C207,hybrid,100,700,3,584.235,YES,1.49313
C207,nn,100,700,3,775.487,YES,0.016709
C207,sa,100,700,3,588.381,YES,1.32025
C207,ts,100,700,3,592.83,YES,5.74333
C208,cw,100,700,3,632.432,YES,0.243667
C208,cw2opt,100,700,3,594,YES,0.2575
C208,hybrid,100,700,3,584.235,YES,1.43729
C208,nn,100,700,3,775.487,YES,0.016833
C208,sa,100,700,3,588.381,YES,1.34317
C208,ts,100,700,3,592.83,YES,5.74483
R101,cw,100,200,8,877.935,YES,0.261959
R101,cw2opt,100,200,8,869.675,YES,0.244791
R101,hybrid,100,200,8,859.087,YES,1.01175
R101,nn,100,200,8,1174.36,YES,0.02275
R101,sa,100,200,8,869.675,YES,0.84275
R101,ts,100,200,8,860.682,YES,4.72008
R102,cw,100,200,8,877.935,YES,0.256958
R102,cw2opt,100,200,8,869.675,YES,0.263083
R102,hybrid,100,200,8,859.087,YES,0.938166
R102,nn,100,200,8,1174.36,YES,0.02075
R102,sa,100,200,8,869.675,YES,0.835208
R102,ts,100,200,8,860.682,YES,4.86813
R103,cw,100,200,8,877.935,YES,0.251875
R103,cw2opt,100,200,8,869.675,YES,0.256417
R103,hybrid,100,200,8,859.087,YES,1.00054
R103,nn,100,200,8,1174.36,YES,0.024709
R103,sa,100,200,8,869.675,YES,0.882834
R103,ts,100,200,8,860.682,YES,4.58287
R104,cw,100,200,8,877.935,YES,0.24625
R104,cw2opt,100,200,8,869.675,YES,0.251
R104,hybrid,100,200,8,859.087,YES,0.940625
R104,nn,100,200,8,1174.36,YES,0.02225
R104,sa,100,200,8,869.675,YES,0.919583
R104,ts,100,200,8,860.682,YES,4.66975
R105,cw,100,200,8,877.935,YES,0.249041
R105,cw2opt,100,200,8,869.675,YES,0.244959
R105,hybrid,100,200,8,859.087,YES,0.94975
R105,nn,100,200,8,1174.36,YES,0.020292
R105,sa,100,200,8,869.675,YES,0.842125
R105,ts,100,200,8,860.682,YES,4.74067
R106,cw,100,200,8,877.935,YES,0.240667
R106,cw2opt,100,200,8,869.675,YES,0.243125
R106,hybrid,100,200,8,859.087,YES,0.962834
R106,nn,100,200,8,1174.36,YES,0.021125
R106,sa,100,200,8,869.675,YES,0.935708
R106,ts,100,200,8,860.682,YES,4.88054
R107,cw,100,200,8,877.935,YES,0.246708
R107,cw2opt,100,200,8,869.675,YES,0.303
R107,hybrid,100,200,8,859.087,YES,0.935417
R107,nn,100,200,8,1174.36,YES,0.023125
R107,sa,100,200,8,869.675,YES,0.884
R107,ts,100,200,8,860.682,YES,4.66008
R108,cw,100,200,8,877.935,YES,0.290916
R108,cw2opt,100,200,8,869.675,YES,0.2565
R108,hybrid,100,200,8,859.087,YES,0.944417
R108,nn,100,200,8,1174.36,YES,0.0225
R108,sa,100,200,8,869.675,YES,0.886833
R108,ts,100,200,8,860.682,YES,4.88575
R109,cw,100,200,8,877.935,YES,0.256083
R109,cw2opt,100,200,8,869.675,YES,0.255583
R109,hybrid,100,200,8,859.087,YES,0.940333
R109,nn,100,200,8,1174.36,YES,0.021917
R109,sa,100,200,8,869.675,YES,0.852917
R109,ts,100,200,8,860.682,YES,4.8485
R110,cw,100,200,8,877.935,YES,0.249541
R110,cw2opt,100,200,8,869.675,YES,0.254583
R110,hybrid,100,200,8,859.087,YES,0.937916
R110,nn,100,200,8,1174.36,YES,0.025209
R110,sa,100,200,8,869.675,YES,0.892458
R110,ts,100,200,8,860.682,YES,4.57379
R111,cw,100,200,8,877.935,YES,0.260625
R111,cw2opt,100,200,8,869.675,YES,0.244917
R111,hybrid,100,200,8,859.087,YES,1.00388
R111,nn,100,200,8,1174.36,YES,0.021125
R111,sa,100,200,8,869.675,YES,0.897625
R111,ts,100,200,8,860.682,YES,4.725
R112,cw,100,200,8,877.935,YES,0.245375
R112,cw2opt,100,200,8,869.675,YES,0.278875
R112,hybrid,100,200,8,859.087,YES,0.979875
R112,nn,100,200,8,1174.36,YES,0.020792
R112,sa,100,200,8,869.675,YES,0.876125
R112,ts,100,200,8,860.682,YES,4.70433
R201,cw,100,1000,2,702.303,YES,0.252083
R201,cw2opt,100,1000,2,680.864,YES,0.254333
R201,hybrid,100,1000,2,677.955,YES,2.50996
R201,nn,100,1000,2,802.728,YES,0.01675
R201,sa,100,1000,2,680.864,YES,2.31212
R201,ts,100,1000,2,680.864,YES,4.192
R202,cw,100,1000,2,702.303,YES,0.266167
R202,cw2opt,100,1000,2,680.864,YES,0.2695
R202,hybrid,100,1000,2,677.955,YES,2.41208
R202,nn,100,1000,2,802.728,YES,0.016708
R202,sa,100,1000,2,680.864,YES,2.41504
R202,ts,100,1000,2,680.864,YES,4.13229
R203,cw,100,1000,2,702.303,YES,0.265042
R203,cw2opt,100,1000,2,680.864,YES,0.274875
R203,hybrid,100,1000,2,677.955,YES,2.43938
R203,nn,100,1000,2,802.728,YES,0.015875
R203,sa,100,1000,2,680.864,YES,2.39883
R203,ts,100,1000,2,680.864,YES,4.39504
R204,cw,100,1000,2,702.303,YES,0.263417
R204,cw2opt,100,1000,2,680.864,YES,0.256583
R204,hybrid,100,1000,2,677.955,YES,2.47525
R204,nn,100,1000,2,802.728,YES,0.016083
R204,sa,100,1000,2,680.864,YES,2.36283
R204,ts,100,1000,2,680.864,YES,4.18379
R205,cw,100,1000,2,702.303,YES,0.269083
R205,cw2opt,100,1000,2,680.864,YES,0.260834
R205,hybrid,100,1000,2,677.955,YES,2.40867
R205,nn,100,1000,2,802.728,YES,0.015875
R205,sa,100,1000,2,680.864,YES,2.42217
R205,ts,100,1000,2,680.864,YES,4.33925
R206,cw,100,1000,2,702.303,YES,0.258209
R206,cw2opt,100,1000,2,680.864,YES,0.262292
R206,hybrid,100,1000,2,677.955,YES,2.39908
R206,nn,100,1000,2,802.728,YES,0.017625
R206,sa,100,1000,2,680.864,YES,2.34483
R206,ts,100,1000,2,680.864,YES,4.22425
R207,cw,100,1000,2,702.303,YES,0.257875
R207,cw2opt,100,1000,2,680.864,YES,0.264208
R207,hybrid,100,1000,2,677.955,YES,2.49412
R207,nn,100,1000,2,802.728,YES,0.017
R207,sa,100,1000,2,680.864,YES,2.31338
R207,ts,100,1000,2,680.864,YES,4.10067
R208,cw,100,1000,2,702.303,YES,0.251625
R208,cw2opt,100,1000,2,680.864,YES,0.269208
R208,hybrid,100,1000,2,677.955,YES,2.42583
R208,nn,100,1000,2,802.728,YES,0.015875
R208,sa,100,1000,2,680.864,YES,2.42971
R208,ts,100,1000,2,680.864,YES,4.25713
R209,cw,100,1000,2,702.303,YES,0.251833
R209,cw2opt,100,1000,2,680.864,YES,0.279458
R209,hybrid,100,1000,2,677.955,YES,2.47825
R209,nn,100,1000,2,802.728,YES,0.017083
R209,sa,100,1000,2,680.864,YES,2.28821
R209,ts,100,1000,2,680.864,YES,4.24067
R210,cw,100,1000,2,702.303,YES,0.266542
R210,cw2opt,100,1000,2,680.864,YES,0.269083
R210,hybrid,100,1000,2,677.955,YES,2.43883
R210,nn,100,1000,2,802.728,YES,0.015708
R210,sa,100,1000,2,680.864,YES,2.44075
R210,ts,100,1000,2,680.864,YES,4.26979
R211,cw,100,1000,2,702.303,YES,0.257167
R211,cw2opt,100,1000,2,680.864,YES,0.253708
R211,hybrid,100,1000,2,677.955,YES,2.50929
R211,nn,100,1000,2,802.728,YES,0.016625
R211,sa,100,1000,2,680.864,YES,2.43513
R211,ts,100,1000,2,680.864,YES,4.33871
RC101,cw,100,200,9,1025.71,YES,0.262333
RC101,cw2opt,100,200,9,1020.96,YES,0.258583
RC101,hybrid,100,200,9,1018.5,YES,0.906167
RC101,nn,100,200,9,1422.6,YES,0.022792
RC101,sa,100,200,9,1020.96,YES,0.888833
RC101,ts,100,200,9,1016.78,YES,4.67079
RC102,cw,100,200,9,1025.71,YES,0.255458
RC102,cw2opt,100,200,9,1020.96,YES,0.264959
RC102,hybrid,100,200,9,1018.5,YES,0.921541
RC102,nn,100,200,9,1422.6,YES,0.024584
RC102,sa,100,200,9,1020.96,YES,0.874
RC102,ts,100,200,9,1016.78,YES,4.51546
RC103,cw,100,200,9,1025.71,YES,0.262167
RC103,cw2opt,100,200,9,1020.96,YES,0.255417
RC103,hybrid,100,200,9,1018.5,YES,0.942791
RC103,nn,100,200,9,1422.6,YES,0.023042
RC103,sa,100,200,9,1020.96,YES,0.878125
RC103,ts,100,200,9,1016.78,YES,4.65937
RC104,cw,100,200,9,1025.71,YES,0.250334
RC104,cw2opt,100,200,9,1020.96,YES,0.2485
RC104,hybrid,100,200,9,1018.5,YES,0.905209
RC104,nn,100,200,9,1422.6,YES,0.023167
RC104,sa,100,200,9,1020.96,YES,0.895042
RC104,ts,100,200,9,1016.78,YES,4.61437
RC105,cw,100,200,9,1025.71,YES,0.245459
RC105,cw2opt,100,200,9,1020.96,YES,0.267709
RC105,hybrid,100,200,9,1018.5,YES,0.94725
RC105,nn,100,200,9,1422.6,YES,0.024042
RC105,sa,100,200,9,1020.96,YES,0.90625
RC105,ts,100,200,9,1016.78,YES,4.57575
RC106,cw,100,200,9,1025.71,YES,0.249833
RC106,cw2opt,100,200,9,1020.96,YES,0.263833
RC106,hybrid,100,200,9,1018.5,YES,0.894792
RC106,nn,100,200,9,1422.6,YES,0.022834
RC106,sa,100,200,9,1020.96,YES,0.843916
RC106,ts,100,200,9,1016.78,YES,4.58638
RC107,cw,100,200,9,1025.71,YES,0.273209
RC107,cw2opt,100,200,9,1020.96,YES,0.250125
RC107,hybrid,100,200,9,1018.5,YES,0.96675
RC107,nn,100,200,9,1422.6,YES,0.022375
RC107,sa,100,200,9,1020.96,YES,0.837625
RC107,ts,100,200,9,1016.78,YES,4.70246
RC108,cw,100,200,9,1025.71,YES,0.253209
RC108,cw2opt,100,200,9,1020.96,YES,0.245291
RC108,hybrid,100,200,9,1018.5,YES,0.927917
RC108,nn,100,200,9,1422.6,YES,0.024041
RC108,sa,100,200,9,1020.96,YES,0.888958
RC108,ts,100,200,9,1016.78,YES,4.86846
RC201,cw,100,1000,2,692.072,YES,0.277334
RC201,cw2opt,100,1000,2,678.492,YES,0.278583
RC201,hybrid,100,1000,2,672.276,YES,2.32642
RC201,nn,100,1000,2,905.042,YES,0.01825
RC201,sa,100,1000,2,678.492,YES,2.15396
RC201,ts,100,1000,2,677.867,YES,4.34829
RC202,cw,100,1000,2,692.072,YES,0.286584
RC202,cw2opt,100,1000,2,678.492,YES,0.282166
RC202,hybrid,100,1000,2,672.276,YES,2.22788
RC202,nn,100,1000,2,905.042,YES,0.018208
RC202,sa,100,1000,2,678.492,YES,2.02217
RC202,ts,100,1000,2,677.867,YES,4.43462
RC203,cw,100,1000,2,692.072,YES,0.258333
RC203,cw2opt,100,1000,2,678.492,YES,0.265125
RC203,hybrid,100,1000,2,672.276,YES,2.36112
RC203,nn,100,1000,2,905.042,YES,0.0175
RC203,sa,100,1000,2,678.492,YES,2.09346
RC203,ts,100,1000,2,677.867,YES,4.35738
RC204,cw,100,1000,2,692.072,YES,0.2605
RC204,cw2opt,100,1000,2,678.492,YES,0.2785
RC204,hybrid,100,1000,2,672.276,YES,2.3765
RC204,nn,100,1000,2,905.042,YES,0.01775
RC204,sa,100,1000,2,678.492,YES,2.01333
RC204,ts,100,1000,2,677.867,YES,4.27254
RC205,cw,100,1000,2,692.072,YES,0.258833
RC205,cw2opt,100,1000,2,678.492,YES,0.282584
RC205,hybrid,100,1000,2,672.276,YES,2.39383
RC205,nn,100,1000,2,905.042,YES,0.018
RC205,sa,100,1000,2,678.492,YES,1.99771
RC205,ts,100,1000,2,677.867,YES,4.29717
RC206,cw,100,1000,2,692.072,YES,0.2555
RC206,cw2opt,100,1000,2,678.492,YES,0.265084
RC206,hybrid,100,1000,2,672.276,YES,2.23929
RC206,nn,100,1000,2,905.042,YES,0.017583
RC206,sa,100,1000,2,678.492,YES,2.11754
RC206,ts,100,1000,2,677.867,YES,4.51717
RC207,cw,100,1000,2,692.072,YES,0.260666
RC207,cw2opt,100,1000,2,678.492,YES,0.264166
RC207,hybrid,100,1000,2,672.276,YES,2.34771
RC207,nn,100,1000,2,905.042,YES,0.017667
RC207,sa,100,1000,2,678.492,YES,2.01179
RC207,ts,100,1000,2,677.867,YES,4.31837
RC208,cw,100,1000,2,692.072,YES,0.269416
RC208,cw2opt,100,1000,2,678.492,YES,0.2665
RC208,hybrid,100,1000,2,672.276,YES,2.28754
RC208,nn,100,1000,2,905.042,YES,0.016083
RC208,sa,100,1000,2,678.492,YES,2.07079
RC208,ts,100,1000,2,677.867,YES,4.49838
